{
  "images" : [
    {
      "filename" : "Screenshot_2023-11-27_at_15.58.00-removebg-preview.png",
      "idiom" : "universal",
      "scale" : "1x"
    },
    {
      "filename" : "Screenshot_2023-11-27_at_15.58.00-removebg-preview@2x.png",
      "idiom" : "universal",
      "scale" : "2x"
    },
    {
      "filename" : "Screenshot_2023-11-27_at_15.58.00-removebg-preview@3x.png",
      "idiom" : "universal",
      "scale" : "3x"
    }
  ],
  "info" : {
    "author" : "xcode",
    "version" : 1
  }
}
